{"active": {"count": 451, "length": 1351671, "wrap_earth_count": 106.0799717469785}, "planned": {"count": 65, "length": 346664, "wrap_earth_count": 27.206404018207504}}