{"active": {"count": 437, "length": 1312915, "wrap_earth_count": 103.03837702087584}, "planned": {"count": 66, "length": 331457, "wrap_earth_count": 26.012949301522525}}